{"ds":{"0":1483228800000,"1":1485907200000,"2":1488326400000,"3":1491004800000,"4":1493596800000,"5":1496275200000,"6":1498867200000,"7":1501545600000,"8":1504224000000,"9":1506816000000,"10":1509494400000,"11":1512086400000},"yhat":{"0":193.2936659806,"1":206.9690960088,"2":208.9693157684,"3":137.7680485144,"4":239.1670508098,"5":181.8102303674,"6":144.2687627301,"7":220.093180288,"8":158.7825400952,"9":212.7958086274,"10":226.4712386556,"11":165.2832543108},"yhat_lower":{"0":81.0517839747,"1":97.4526356287,"2":89.3222674969,"3":26.9306973799,"4":123.1887594693,"5":62.1178927404,"6":30.6582666957,"7":110.480520933,"8":42.6592788967,"9":95.3392198342,"10":112.0827851078,"11":50.1699827654},"yhat_upper":{"0":302.0687467569,"1":324.0174066515,"2":322.0094736865,"3":255.2583388636,"4":348.684243262,"5":292.19904549,"6":258.5192471314,"7":339.064051168,"8":279.7087419042,"9":320.6015150969,"10":330.6293558945,"11":283.3269881062}}