{"ds":{"0":1483228800000,"1":1485907200000,"2":1488326400000,"3":1491004800000,"4":1493596800000,"5":1496275200000,"6":1498867200000,"7":1501545600000,"8":1504224000000,"9":1506816000000,"10":1509494400000,"11":1512086400000},"yhat":{"0":152.4443485927,"1":284.4180388941,"2":297.4540032973,"3":301.2584779729,"4":543.991281596,"5":333.2679429547,"6":343.6253622914,"7":439.0053176262,"8":425.0007555683,"9":279.5450015486,"10":411.5186918502,"11":467.3676398865},"yhat_lower":{"0":22.8291565293,"1":152.826722099,"2":161.9344099188,"3":179.765324945,"4":405.539877433,"5":206.8940115496,"6":201.5747123877,"7":307.2483781994,"8":302.005145277,"9":143.2325406256,"10":276.0696983377,"11":328.5837275647},"yhat_upper":{"0":290.1106402809,"1":415.7402861253,"2":431.7546663421,"3":431.6923620668,"4":669.1307794298,"5":459.8715970053,"6":468.0773130038,"7":574.0918723667,"8":557.2566996097,"9":406.4417222064,"10":543.3471814277,"11":597.7027888322}}