{"yhat":{"0":116.2613085882,"1":149.8200988622,"2":149.0918040255,"3":126.5854066235,"4":137.4802175265,"5":114.875280252,"6":124.2184484056,"7":118.0479868033,"8":122.4629172283,"9":109.1604339344,"10":142.7192242085,"11":120.0959590104},"yhat_lower":{"0":-78.4669120411,"1":-40.9643919151,"2":-33.932400927,"3":-68.3244712626,"4":-56.0383386575,"5":-71.296059647,"6":-67.7853562755,"7":-75.9491812413,"8":-68.9451169238,"9":-79.9766502397,"10":-44.3263045399,"11":-61.2452614042},"yhat_upper":{"0":297.2229652102,"1":342.3634693936,"2":324.0552859172,"3":311.9510085141,"4":324.2939008211,"5":304.0116449489,"6":303.7656816716,"7":302.8915472685,"8":314.7563902096,"9":303.3162143754,"10":320.3368727182,"11":305.2398360055}}