{"ds":{"0":1483228800000,"1":1485907200000,"2":1488326400000,"3":1491004800000,"4":1493596800000,"5":1496275200000,"6":1498867200000,"7":1501545600000,"8":1504224000000,"9":1506816000000,"10":1509494400000,"11":1512086400000},"yhat":{"0":787.1146778701,"1":814.6587115846,"2":839.5371936493,"3":867.0812273638,"4":893.7367438617,"5":921.2807775762,"6":947.9362940741,"7":975.4803277886,"8":1003.0243615031,"9":1029.679878001,"10":1057.2239117155,"11":1083.8794282134},"yhat_lower":{"0":453.7375549218,"1":474.1463900236,"2":515.0255885819,"3":528.5030738669,"4":549.3719644033,"5":567.244824582,"6":596.4030002046,"7":624.7021011517,"8":649.6321809843,"9":678.2819306964,"10":705.9738427172,"11":738.9608113297},"yhat_upper":{"0":1119.0783044865,"1":1164.6735475281,"2":1208.9209736566,"3":1215.5095590446,"4":1230.7056284532,"5":1244.222467477,"6":1303.9071501983,"7":1275.5281869346,"8":1323.599376778,"9":1392.7256906565,"10":1427.4126203069,"11":1414.0348652004}}