{"yhat":{"0":1037.0903200126,"1":1111.1556348444,"2":1178.0533385634,"3":1252.1186533951,"4":1323.7947645226,"5":1397.8600793543,"6":1469.5361904818,"7":1543.6015053136,"8":1617.6668201453,"9":1689.3429312728,"10":1763.4082461045,"11":1835.084357232},"yhat_lower":{"0":548.947587265,"1":623.5654852578,"2":658.9133787675,"3":782.6490080714,"4":782.6846109942,"5":916.7719243812,"6":983.1872796061,"7":1043.0892289216,"8":1115.1966029543,"9":1172.447746859,"10":1245.1181818375,"11":1340.825288273},"yhat_upper":{"0":1507.7557679439,"1":1631.8626952496,"2":1684.0822739046,"3":1737.0880586056,"4":1830.7977621473,"5":1898.058599782,"6":1955.2487118934,"7":2043.5117274089,"8":2104.7645580807,"9":2220.9100456776,"10":2262.7219014252,"11":2332.3565484795}}