{"yhat":
    {"0":6814.4764367919,
        "1":6771.6791724661,
        "2":6733.0235788816,
        "3":6690.2263145558,
        "4":6648.8096071438,"5":6606.012342818,"6":6564.595635406,"7":6521.7983710803,"8":6479.0011067545,"9":6437.5843993425,"10":6394.7871350167,
        "11":6353.3704276047},

"yhat_lower":
    {"0":5529.6015936775,
        "1":5505.0464725728,"2":5523.5513721828,"3":5498.9429063377,"4":5470.3080469799,"5":5336.3121064687,"6":5348.6096112212,"7":5351.9354704956,"8":5184.646705523,"9":5251.7238062218,"10":5182.9518323424,"11":5170.687817454},"yhat_upper":{"0":8018.8400675708,"1":7854.1689795489,"2":7963.8917377065,"3":7915.5409007323,"4":7899.8787153331,"5":7768.5926619546,"6":7910.3415433697,"7":7765.8104952964,"8":7687.493431263,"9":7683.1074539461,"10":7597.6843853621,"11":7522.1196006754}}